101,Rahul,rahul@gmail.com,rahul123,8072744158,22/07/2003,other
102,Sanjith,sanjith@gmail.com,sanjith123,0987654321,01/01/2001,m
103,Sabs,sabs@gmail.com,sabs1234,8056099616,14/10/2003,other
104,Sachin,dsachin316@gmail.com,sachin3316,9176193347,16/03/2003,m
105,Vishnu,vishnu@gmail.com,vishnu123,1234567890,01/01/2001,f
108,Vicky,vicky@gmail.com,vicky123,1234567890,12/02/2003,m
